,Título,Preço
0,Placa Uno R3 Arduino + Cabo USB,119.23
1,Placa Uno SMD Arduino + Cabo USB,75.91
2,Placa Leonardo R3 Arduino + Cabo USB,94.53
3,Placa Mega 2560 R3 Arduino + Cabo USB,217.08
4,Placa Nano V3 Arduino Compatível,64.51
5,Placa Micro R3 Arduino Compatível,131.47
6,Placa Pro Micro ATmega32U4 Arduino Compatível,79.71
7,Placa Pro Mini ATmega328 Arduino Compatível,69.26
8,Nano V3 Arduino Compatível,51.21
9,Pro Mini Arduino Compatível LGT8F328P,36.96
10,Tag iButton TM F5 64 Bits - Chaveiro com codificação única,12.92
11,Interruptor Liga/Desliga tipo Gangorra 10A/120 6A/250V - Preto,2.51
12,Buzzer Ativo 5V Bip Contínuo PCI 12mm,3.66
13,Micro Servo Motor 9g SG90 180° 1.6Kgf.cm de Posição,21.76
14,Sensor Ultrassônico de Distância HC-SR04,13.78
15,"Jack P4 (2,1x5,5mm) para Placas de Circuito Impresso",1.51
16,Sensor de Temperatura DS 18B20 à Prova DÁgua,15.68
17,Módulo Relé 5V 10A 1 Canal com Optoacoplador para ESP32 e Arduino,13.87
18,"Jack P4 Plástico (2,1x5,5mm) para Paineis e Chassis",2.80
19,Leitor iButton DS9092 com LED para Controle de Acesso,29.93
20,Motor DC 3-6V 200RPM com Caixa de Redução e Eixo Duplo 48:1,16.10
21,Mini Bomba de Água para Arduino 12V RS385 2L/Min,59.76
22,Módulo Conversor Amplificador HX711 24bit 2 Canais,11.88
23,Display LCD 16x2 com fundo azul,27.46
24,Fonte de Alimentação para Arduino 9VDC 1A Plug P4,19.86
25,Conector DB9 Serial RS232 - Fêmea,2.51
26,Motor DC 3V DC130 15000RPM 950mA,9.41
27,Sensor de Nível de Água com Boia Horizontal,28.41
28,Sensor Reflexivo Infravermelho TCRT5000 - Kit com 2 unidades,4.90
29,Módulo Bluetooth HC-05 Arduino - Master/Slave,42.66
30,Chave Alavanca MTS-102 3T 2 Posições 6A,4.89
31,Buzzer Passivo 5V PCI 12mm,2.98
32,Módulo Relé 5V 10A 2 canais com Optoacopladores,21.38
33,Módulo Sensor Reflexivo Infravermelho TCRT5000,7.29
34,Conector DB9 Serial RS232 - Macho,2.51
35,Conversor Serial TTL para RS485,8.46
36,Chave Gangorra Liga Desliga 10A,2.51
37,Motor DC 3-6V 80RPM com Caixa de Redução e Eixo Duplo 120:1,19.86
38,Conversor USB para RS485 CH340 Modbus,14.06
39,Módulo Carregador de Bateria Li-Ion TP4056 com Micro USB 18650,6.89
40,Sensor de Temperatura com NTC 10K à Prova DÁgua - MF58,9.98
41,Módulo Adaptador I2C (IIC) / Conversor para LCD 16X2 e 20X4,11.52
42,Sensor PIR de Movimento HC-SR501 100°,16.63
43,Driver Ponte H ou Motor de Passo - L298,32.21
44,Pastilha Peltier 12V -30° a 70º C - TEC1-12706,32.21
45,SD Card Arduino / Leitor Micro SD Card,8.88
46,Conversor RS232 para RS485 Sintechi,37.91
47,Kit Arduino Iniciante Parland US10 + Guia de Projetos,120.94
48,Ethernet Shield R3 W5100 para Arduino,185.54
49,Módulo Relé 5V 10A 4 Canais com Optoacopladores,33.16
50,Nrf24l01 Transceptor Wireless 2.4GHz,12.26
51,Módulo Dimmer para Arduino Pic MC-8A com sinal Zero Cross 127V,43.99
52,Motor Vibracall para Projetos,7.51
53,ESP32S NodeMCU Iot com WiFi e Bluetooth - 38 Pinos,75.91
54,Kit Componentes Eletrônicos 111 peças,48.02
55,Motor de Passo 28BYJ-48 + Driver ULN2003,26.51
56,"Conversor de Nível Lógico 3,3 / 5V Bidirecional - CNL35",6.46
57,Kit RC522 Leitor RFID + Tags (Chaveiro + Cartão),24.61
58,ATmega328P DIP-28 + Bootloader Arduino,56.91
59,Conectores RJ45 Lite - Kit com 10 unidades,3.71
60,Driver Duplo Ponte H de motor DC ou Passo L9110s,13.78
61,Sensor de Umidade e Temperatura DHT11,15.01
62,Sensor de Fluxo de Água YF-S201 G1/2 1-30 l/min,49.31
63,Sensor de Nível de Água tipo Boia,19.86
64,DIP Switch / Chave DIP 4 vias,3.14
65,Display LCD 16x2 com fundo verde,27.46
66,Carregador de Bateria Li-Ion TP4056 V2 Micro USB e Pinos de Saída 18650,7.13
67,Sensor de Peso / Célula de Carga 50kg para Arduino,16.91
68,DS18B20 Sensor de Temperatura Digital,12.83
69,Mini Bomba de Ar e Vácuo 12V TYAP127 5L/Min,199.03
70,Driver Motor de Passo A4988 + Dissipador de Calor,16.10
71,Cabo Extensor para Servo Motor - 30cm Macho/Fêmea,6.56
72,Diodo Laser Arduino Vermelho de Alta Potência 5mW,5.89
73,"Conversor USB para TTL RS232 CH340 para Arduino Pro Mini, ESP8266 e Atinny",12.87
74,Joystick Arduino KY023 3 Eixos,9.41
75,Mini Bomba de Água Peristáltica 12V CKP-DC-S08 90ml/Min,66.41
76,Módulo Relógio Tempo Real RTC Compacto - DS1307,9.88
77,Módulo Sensor de Umidade e Temperatura DHT11 + Jumpers,17.96
78,Receptor Infravermelho 1838B Universal - Ideal para Arduino e Pic,2.84
79,Módulo FTDI FT232R Conversor USB para TTL e RS232 Serial  3.3V / 5V,25.56
80,Isolador Térmico TEC1-12706 para Isolação de Pastilha Peltier,3.82
81,Detector de Gás / Sensor de Gás MQ-2 - Gás Inflamável e Fumaça,17.58
82,Strain Gauge Extensômetro de Resistência Elétrica tipo Folha,9.93
83,Módulo Relógio Tempo Real RTC com Sensor de Temperatura - DS3231,33.16
84,"Sensor de Fluxo de Água YF-S401 0,3-6 l/min",47.41
85,"Gerador de Alta Tensão LG-105 Entrada 3,6 a 6V DC e Saída 400000V",28.41
86,Esfera Deslizante Metálica para Carro Robô,14.16
87,Transmissor RF + Receptor 433Mhz,11.88
88,Imã De Neodímio N50 Super Forte 10mm X 4mm - Kit com 10 Unidades,18.91
89,Kit Termopar Tipo K 0 a 800°C + Módulo de Leitura Max6675,47.41
90,Sensor de Corrente ACS712 30A AC / DC com Efeito Hall,19.86
91,Sensor de Umidade e Temperatura AM2302 DHT22 -40 a 80°C,63.56
92,Válvula Solenoide para Água 127V NF 180° ( 3/4 x 3/4),66.41
93,Sensor Tilt / Sensor de Inclinação SW-520D,6.60
94,Controlador PWM D4184 / Módulo De Potência Mosfet 30A 400W 36V,12.26
95,Nrf24l01 PA NA Wireless Arduino ( WIFI ) 2.4GHz Longo Alcance + Antena,35.06
96,Case para Arduino Uno com Parafusos em Acrílico Transparente,17.96
97,"Detector de Gás / Sensor de Gás MQ-135 - Amônia, Óxido Nítrico, Álcool, Benzeno, Dióxido de Carbono...",18.91
98,Sensor de Corrente ACS712 5A AC / DC com Efeito Hall,17.96
99,Teclado Matricial Membrana 4x4 16 Teclas,11.48
100,Bombinha de Vácuo e Ar 12V 2.5L/Min RK-370,85.41
101,Sensor Magnético NA de Sobrepor com Fios,10.88
102,Módulo GPS Arduino GY-NEO6MV2 + Antena,66.41
103,Caixa Patola PB-062/2 para Montagem 27 x 44 x 51 mm,4.89
104,Motor Shield Arduino L293D Driver Ponte H,31.26
105,Sensor Magnético NA de Embutir com Fios,13.21
106,Pulsador Push Button NA 16mm em Aço Inox com Borne a Parafuso - Impermeável,15.68
107,Módulo Relógio Tempo Real RTC - DS1302,9.88
108,Servo Motor MG995 Tower Pro 180° 11kgf.cm de Posição com Engrenagens Metálicas,69.73
109,Led Endereçável RGB 5050 WS2812,6.54
110,Fechadura Elétrica Solenóide 12V NF Compacta FEC-91 - Lingueta Inferior,43.61
111,Módulo Adaptador Micro USB Fêmea para DIP,3.71
112,Sensor de Efeito Hall US1881 / U18,4.28
113,Buzzer Passivo / Módulo Transdutor - BP18,6.60
114,Caixa Patola PB-075/2 para Montagem 24 x 60 x 75 mm,7.78
115,Mini Conversor RS232 para TTL MAX3232,6.18
116,Módulo Sensor de Luminosidade LDR para Arduino e ESP32,7.41
117,Roda 68 tipo Estrela para Chassi Robótico,9.45
118,Kit Controle Remoto Infravermelho + Receptor - KY-022,18.91
119,Mini SD Card Arduino / Mini Leitor Micro SD Card,7.51
120,"Mini Arruela M1,6 Metálica - Kit com 10 unidades",3.14
121,Micro Servo 9g Tower Pro MG90S 180° 2.2Kgf.cm de Posição com Engrenagens Metálicas,35.06
122,Sensor de Peso Célula de Carga 0 a 5kg para Arduino,29.36
123,Caixa Patola PB-048 para Montagem 19 x 40 x 54 mm,4.89
124,Sensor de Tensão DC 0-25V,7.51
125,Mini Bomba De Vácuo e Ar 6V SC3704PM 1.8L/Min,34.11
126,Módulo Sensor Magnético para Arduino,9.41
127,Sensor de Proximidade E18-D80NK Infravermelho NPN - Detecção 3 a 80cm,39.81
128,Conversor RS232 para TTL MAX3232 com DB9,10.88
129,Cabo Jumper 4 Pinos 70cm Fêmea/Fêmea para Impressora 3D,8.08
130,DHT22 Sensor de Umidade e Temperatura,47.41
131,Interruptor Liga/Desliga com Chave de Segurança - KS-01,16.06
132,Válvula Solenoide para Água 12V NF 180° (1/2 x 1/2),66.41
133,Sensor de Pressão e Temperatura BMP180,15.96
134,Mini Carro Solar com Motor e Painel Fotovoltaico - VB218,49.88
135,Módulo ESP8266 ESP12e WiFi Serial,27.46
136,Módulo Amplificador Operacional LM358 Ganho 100X,11.37
137,Módulo Bluetooth HC-08 4.0 BLE Arduino para iPhone e iPad - Master/Slave,43.80
138,QRE1113 Sensor de Linha Analógico IR,6.18
139,Sensor de Som KY-038 para Arduino,11.88
140,Módulo Dimmer para Arduino Pic MC-8A com sinal Zero Cross 220V,43.99
141,Caixa Patola / Case para Montagem 55 x 97 x 148 mm - PB-114,27.46
142,Lâmpada de Neon NE2 6x16mm,1.50
143,Display LCD 16x2 I2C com Fundo Azul,37.91
144,Válvula Solenoide para Água 127V NF 180° (1/2 x 1/2),66.41
145,Arduino Sensor Shield - Expansor de Entradas e Saídas V5.0,18.91
146,Chaveiro RFID 13.56MHz com Tag para Controle de Acesso,3.99
147,Sensor de Chuva Arduino FC37 + Módulo de Leitura,14.87
148,Sensor de Luminosidade Fotossensitivo LDR - P13,5.23
149,Caixa Patola BALOON para Montagem 17 x 50 x 27 mm,6.56
150,Caixa Patola PB-108 para Montagem 32 x 75 x 116 mm,15.11
151,Fechadura Elétrica Solenóide 12V NF FE-91 - Lingueta Reversível,104.03
152,Caixa Patola PB-080 para Montagem 29 x 42 x 82 mm,9.41
153,"Sensor de Pressão, Umidade e Temperatura BME280",84.46
154,Caixa Patola PB-082 para Montagem 27 x 43 x 94 mm,9.88
155,Sensor de Umidade e Temperatura SHT20 + Encapsulamento IP65,142.03
156,Sensor Indutivo 4mm (Distância Sensora 4mm) - LJ12A3  NPN NA,35.06
157,Módulo Relé 5V 10A 8 Canais com Optoacopladores,66.41
158,Driver Duplo Ponte H de Motor DC ou Passo - DRV8833,22.85
159,Display LCD 20x4 com Fundo Azul,66.41
160,Conector T 1/4 para Microtubo de Irrigação,2.51
161,Transdutor Buzzer Piezoelétrico 3 a 24VDC -SFM-27-B,12.83
162,Tomada Fêmea 3 Pinos 10A 250V - Margirius,12.26
163,LCD Keypad Shield Display 16x2 para Arduino,42.66
164,Válvula Solenoide para Água 12V NF 180° (3/4 x 3/4),61.66
165,Módulo Sensor de Efeito Hall para Arduino,7.49
166,Módulo Multiplexador 74HC4067 / HP4067 CMOS Analógico Digital 16 Canais,11.88
167,Módulo Bluetooth HC-06 Arduino - Slave,37.91
168,Suporte PAN TILT SG90 - Plataforma Móvel para Robótica,21.38
169,Sensor de Nível de Água em Aço Inoxidável para Água Quente,59.76
170,Mini Bomba de Água Submersa 2.5 a 6V JT100 1.5L/Min,26.84
171,Módulo Ethernet Mini ENC28J60,69.83
172,Case SZOMK para Montagem 145x90x40mm / Gabinete para Trilho Din + Bornes,78.76
173,Sensor de Luz BH1750-FVI / Sensor de Luminosidade Lux Digital - GY30,19.46
174,Estrutura para Esteira Arduino em MDF + Manual de Montagem,133.32
175,Driver Motor de Passo DRV8825 + Dissipador de Calor,24.61
176,Sensor de Fluxo de Água YF-S403 G3/4 1-60 l/min,88.68
177,Sensor de Tensão e Corrente INA219 De Alta Precisão,34.96
178,Módulo Adaptador USB Fêmea 2.0 para DIP,4.28
179,Conversor USB para RS232 e TTL - DL91,37.91
180,Módulo CAN BUS Arduino MCP2515 XL1050 OBDII,39.81
181,Leitor RFID RDM6300 125 KHz,36.01
182,Cabo RS232 USB Serial com CH340,25.56
183,Módulo Sensor de Inclinação / Sensor Tilt para Arduino,10.88
184,Estrutura em MDF para Braço Robótico Arduino + Manual de Montagem,57.67
185,Display LCD 20x4 I2C com Fundo Azul,79.71
186,Módulo CAN BUS Arduino SN65HVD230 VP230,15.68
187,Roda para Robótica 38mm Slim Compatível com Motores com Caixa de Redução e Servomotores,4.49
188,Módulo Display 7 Segmentos 4 Dígitos Vermelho,16.91
189,Braço Robótico Arduino Completo + Manual de Montagem,311.23
190,Módulo Carregador de Bateria Li-Ion TP4056 Mini USB 18650,4.66
191,Sensor de Umidade de Solo Capacitivo 5V para Arduino + Jumper,14.16
192,Pedal Elétrico / Interruptor de Pedal 127V/220V 10A NA/NF,45.13
193,Bombinha de Ar 5V MP130 1L/Min,34.96
194,Sensor de Pressão Diferencial 40KPa PSG010R,22.85
195,"Kit de Engrenagens para Robótica 75 Peças KE75 / Polias, Correias, Cremalheiras e Outros DIY Arduino",44.18
196,Sensor de Nível de Água Arduino - FD10,6.89
197,Sensor de Corrente AC / DC ACS758 100A Efeito Hall,32.78
198,Driver TB6612FNG Duplo Ponte H de Motor DC ou Passo,89.78
199,"Mini Gerador de Energia Hidráulico / Gerador Hidrelétrico para Projetos - 8,8V a 15V DC",138.65
200,Controlador PWM para Velocidade de Motores 3 a 35V 5A ZS-X4B,19.86
201,Sensor de Distância VL53L0X / WCMCU-531 de Alta Precisão,41.71
202,Polia GT2 16 Dentes Furo 5mm Para Correia De 6mm em Impressora 3D CNC,12.87
203,Disco Encoder para projetos com carrinhos robóticos,5.61
204,Módulo Chave Fim Curso / Sensor de\xa0Impacto Arduino para Projetos,10.36
205,Sensor Ultrassônico JSN-SR04T a Prova Dágua + Módulo para Arduino,72.68
206,Sensor de Velocidade Arduino / Sensor de Contagem - Chave Óptica para Encoder 5mm,9.41
207,Transmissor RF 433MHz + Receptor RF com Chip Super Heteródino + Antenas - STX882,37.91
208,Sensor de Chama / Fogo Infravermelho 5mm,7.93
209,Caixa Patola PB-108 TE para Montagem 34 x 75 x 116 mm,15.11
210,Módulo Matriz de LED 8X8 Vermelho MAX7219 + Jumpers,28.83
211,Mangueira de Gotejamento Microtubo para Irrigação 1/4 - Venda por Metro,5.94
212,Bico Gotejador Regulável 1/4 0-40 L/h 8 Furos,2.51
213,Display OLED 0.96 I2C 128x64 Branco para Arduino,34.11
214,Sensor de Cor para Arduino - TCS230,85.41
215,"Eletroimã / Solenóide 20mm 2,5Kg",53.96
216,Módulo GSM Arduino SIM800L GPRS/SMS Quad-Band com slot para SIM,55.96
217,Conversor de Corrente para Tensão 4-20mA para 0-3.3V/5V/10V - XY10,24.61
218,Bico Nebulizador com Ajuste de Vazão + Conector T 1/4,5.61
219,Módulo MP3 Arduino DFPlayer Mini,21.76
220,Mini Solenóide 12V NF Tipo Tranca JF-0520B,47.41
221,Suporte para Packs de Bateria 18650 Encaixável - Kit com 4 Unidades,11.31
222,Imã De Neodímio N50 Super Forte 20mm X 3mm,15.87
223,Display LCD Nokia 5110 para Arduino - 84x48 pixels,36.58
224,Amplificador de Instrumentação AD620 3V ~ 12V,43.61
225,Módulo Gerador de Pulso Frequência NE555 para Arduino - 1Hz a 200kHz,9.88
226,Kit Arduino Universitário Parland UN10 + Guia de Projetos,230.32
227,Driver Controlador para motor DC - IRF520,12.83
228,Sensor de Tensão AC Zmpt101b / Voltímetro Arduino,28.41
229,Kit Arduino Avançado Parland KS10 + Guia de Projetos,265.27
230,Módulo LED RGB - ML-016,5.49
231,Sensor Sharp GP2Y0A02YK0F / Sensor Infravermelho de Longo Alcance para Arduino - 20 a 150cm + Cabo JST,69.83
232,Cabo Jumper 3 Pinos 70cm Fêmea/Fêmea para Impressora 3D,4.94
233,Cartão RFID 13.56MHz - Kit com 5 unidades,22.71
234,Módulo Display 7 Segmentos 2 Dígitos Vermelho 74HC595,17.96
235,Esfera Deslizante 3PI para Carro Robô,10.48
236,Motor DC 3-6V 90° 200RPM com Caixa de Redução em L  48:1,18.91
237,Módulo Diodo Laser Arduino Vermelho com LED de Alta Potência 5MW,11.31
238,"Micromotor DC 12V N20 com Caixa de Redução - 3V:50RPM, 6V:100RPM, 12V:200RPM",49.31
239,Conector RJ45 Fêmea CAT5e,9.98
240,Gerador de Sinal PWM LCD com Duty Cycle e Frequência Ajustável 1Hz-150Khz,54.06
241,Servo Motor MG996R Tower Pro 180° 11kgf.cm de Posição com Engrenagens Metálicas,62.61
242,Potenciômetro Digital 10K X9C103S,28.41
243,Multiplexador TCA9548A I2C 1 a 8 Canais,14.16
244,Tomada Fêmea com Interruptor e Porta Fusível para Impressora 3D e CNC 250VAC 10A,28.83
245,Sensor de Umidade e Temperatura SHT20 com Sonda À Prova dÁgua - KLDZ88,189.53
246,Mini Motor DC N20 para Projetos,11.88
247,Módulo Conversor USB para TTL CP2102,21.76
248,Shield Data Logger Arduino com RTC DS1307 para Registro de Dados,33.82
249,EasyDriver V44 A3967 para Motor de Passo,20.35
250,Pluviômetro de Báscula Digital Arduino para Estação Meteorológica - PB10,445.55
251,Rolamento Linear 8mm LM8UU para Impressora 3D e CNC,9.98
252,Motor Vibracall Redondo para Projetos Maker Diy - MV30,6.89
253,Sensor de Linha Infravermelho com Ajuste de Sensibilidade,12.26
254,Mini Sensor PIR de Movimento HC-SR505 100°,14.20
255,Case para Arduino Mega com Parafusos em Acrílico Transparente,32.21
256,Buzzer Ativo 3V Bip Contínuo PCI 12mm,3.71
257,Sensor de Toque Capacitivo Arduino - ST235,9.45
258,Caixa Patola AD-01 para Montagem 30 x 104 x 68 mm,15.87
259,Radar Doppler RCWL-0516 Sensor de Movimento por Microondas para Arduino,10.42
260,Sensor de Corrente Não Invasivo 100A SCT013 - Saída 50mA,78.71
261,Porca Recartilhada M3 para Mesa Aquecida de Impressora 3D,4.65
262,Dimmer 2000W / Regulador De Tensão Elétrica SCR 50-220VAC,36.96
263,Cremalheira para Robótica 125mm - CR15,5.61
264,Sensor de Pressão e Temperatura BMP280,13.59
265,Módulo Buzzer Ativo com jumper,14.67
266,Sensor de Linha Infravermelho 4 Sondas,19.86
267,Teclado Matricial para Arduino - 04 teclas,8.46
268,Sinaleiro Olho de Boi 220V para Painéis de Indicação - Verde,4.78
269,Micro Rolamento MR63 ZZ Blindado,4.49
270,Módulo Sensor de Vibração SW-18015 para Arduino,13.21
271,Sensor GY-87 10 DOF - Acelerômetro e Giroscópio MPU-6050 / Magnetômetro HMC5883L / Barômetro e Temperatura BMP180,78.76
272,Kit Controle Transmissor RF 4 canais + Receptor 315Mhz,32.82
273,Servo Motor tipo Futaba S3003 180º 4.2Kgf.cm de Posição,59.76
274,Display LCD 128x64 Pixels com Fundo Azul,122.46
275,Carrinho Arduino MDF 4WD 200RPM V2 com Micro Servo Motor e Eixo Móvel Kit Chassi + Manual de Montagem,175.59
276,Tomada Tripolar Macho para Painéis - 10A 250V,3.76
277,Sensor de Turbidez Arduino ST100 + Módulo de Leitura,139.84
278,Micro Servo 9g Tower Pro MG90S 360° 2.2Kgf.cm Rotação Contínua com Engrenagens Metálicas,33.82
279,Display LCD 16x2  I2C com Fundo Verde,39.81
280,"Módulo Buzzer Ativo 3,3V a 5V - BP19",5.89
281,Receptor Infravermelho - P14,11.18
282,Dimmer 4000W / Regulador De Tensão Elétrica SCR10-220VAC,78.19
283,Conversor Digital Analógico DAC - MCP4725,29.36
284,Módulo Relé 12V 10A 16 Canais com Optoacopladores,129.11
285,Sensor de Corrente Não Invasivo 30A SCT013 - Saída 1V,81.51
286,Polia GT2 20 Dentes Furo 8mm Para Correia De 6mm em Impressora 3D CNC,12.87
287,Sensor de Umidade do Solo Arduino HD-38,47.41
288,Caixa Patola / Case para Montagem 53 x 85 x 124 mm - PB-112,19.86
289,Detector de Gás / Sensor de Gás MQ-7 - Monóxido de Carbono,17.96
290,Relé Temporizador Digital XY-J02 Ajustável com Display e Micro USB - 4 Modos de Uso,50.78
291,Sensor de Contagem duplo / Chave Óptica + discos Encoder - HC 020K,62.90.   44.56
292,Bússola Digital HMC5883 / Magnetômetro Três Eixos GY-273,28.41
293,Detector de Gás / Sensor de Gás MQ-9 - Monóxido de Carbono e Gases Inflamáveis,22.42
294,Servo Motor MG996R Tower Pro 360° 11Kgf.cm Rotação Contínua com Engrenagens Metálicas,66.11
295,Cabo para Motor de Passo da Impressora 3D Conector Jumper 4 / JST 6 com 4 Vias,10.36
296,Transceptor SI4463 HC12 RF 433MHz 1000 Metros + Antena,83.70
297,Sensor de Frequência Cardíaca / Sensor de Pulso com Cabo para Arduino,36.81
298,Sensor de Tensão e Corrente MAX471 para Arduino - GY471,25.30
299,Max6675 Módulo de Leitura para Termopar Tipo K,37.91
300,Detector de Gás / Sensor de Gás MQ-4 - Metano e Gás Natural,18.76
301,Conversor Analógico Digital 16 Bits ADC - AD7705,27.46
302,Mini Bobina de Tesla BT15 V2 Microtech Kit Educacional,158.94
303,Detector de Gás / Sensor de Gás MQ-5 - GLP (Gás de Cozinha) e Gás Natural,17.86
304,Suporte para Sensor Ultrassônico - Retangular em Acrílico,16.21
305,Sensor Capacitivo de Proximidade  CR18-8DP PNP NA (Distância Sensora 0 a 8mm),159.70
306,Rolamento de Esfera 608 ZZ Blindado (8x22x7),7.13
307,Transformador de Corrente TC / Sensor de Corrente 5A - ZMCT103C,18.95
308,Sensor de Nível de Líquidos Sem Contato - XKC-Y25-V,78.76
309,Sensor de Tensão DC 0-25V para Arduino - P25,7.51
310,Cabo Pigtail UFL com conector SMA Fêmea,13.21
311,Roda 42mm para Micromotor DC 12V N20 com Caixa de Redução,9.88
312,Sensor Sharp GP2Y0A21YK0F Infravermelho de Longo Alcance para Arduino - 10 a 80cm + Cabo JST,61.66
313,Módulo Relé 5V 2A 1 Canal Estado Sólido SSR,18.86
314,"Polia GT2 Tensora Lisa ID5 OD18 W6 / Sem Dentes, Eixo 5mm, Diâmetro 18mm para Correia de 6mm",11.31
315,Sensor de Cor RGB TCS34725 com Filtro IR,68.60
316,Rig de Mineração para 4 GPUs e 6 Fans MDF 6mm RM4G6F V3 + Manual de Montagem,151.63
317,Caixa Patola / Case para Pilhas AA 23 x 33 x 57 mm - Gabinete de Pilha,5.89
318,Módulo Sensor de Efeito Hall para Arduino - P16,8.08
319,Kit de Molas para Robótica 200 Peças / Mola de Compressão e Extensão para Projetos DIY,84.46
320,Módulo Gravador de Voz com Microfone e Alto-falante - ISD1820,25.18
321,Sensor de Contagem / Sensor de Velocidade - Chave Óptica para Encoder 10mm,11.31
322,Módulo AS32-TTL-100 LoRa 433MHz + Antena de Longo Alcance,129.11
323,Caixa Patola PB-119/2 TE para Montagem 54 x 112 x 191 mm,46.79
324,Sensor Detector de Poeira e Fumaça DSM501A,69.83
325,Kit Leitor RFID NFC + Tags RFID (Chaveiro + Cartão) para Arduino - PN532,74.96
326,Conector F RG59 de Compressão,2.38
327,Pulseira RFID 13.56MHz em Silicone - Azul,18.22
328,Caixa Patola PB-112/2 TE para Montagem 38 x 85 x 124 mm,19.86
329,Nozzle Bico Extrusora Impressora 3D 0.4mm,5.61
330,Estaca para Microtubo 1/4 / Suporte Mangueira de Gotejamento,2.45
331,Relé Shield 5V 3A / Relay Shield 4 Canais V1.0,47.41
332,Caixa Patola PB-035 Case para Montagem 15 x 15 x 35 mm,3.67
333,Conversor Analógico Digital ADS1015 12 Bits 4 Canais ADC,72.96
334,Sensor De Vibração / Sensor de Batida (Choque Mecânico) para Arduino - 2578AY-RG,11.88
335,Teclado Matricial 3x4 12 Teclas Rígido,41.85
336,Controlador de Carga / Placa de Proteção de Carga BMS para Bateria 18650 2S 10A 8.4V,22.71
337,Caixa Patola PB-028 para Montagem 9 x 23 x 28 mm,4.28
338,"Conversor de Nível Lógico 3,3 / 5V Bidirecional com 8 Canais",24.61
339,Módulo Relé 3V 10A 1 Canal com Optoacoplador para ESP32,24.84
340,Plug T / Conector Macho + Fêmea de Alta Corrente para Projetos,9.88
341,Caixa Patola PB-025 para Montagem 26 x 15 x 42 mm,4.28
342,Válvula Solenoide para Gás e Ar 6V NA NF,39.70
343,Caixa Patola PB-049 para Montagem 14 x 45 x 45 mm,4.89
344,Caixa Patola PB-603 para Montagem 33 x 81 x 121 mm,19.86
345,Sensor de Corrente Não Invasivo 100A SCT013 - Saída 1V,75.91
346,Conector P2 / Plug P2 Mono,1.43
347,Radar Doppler HB100 / Sensor de Movimento por Microondas para Arduino,36.96
348,Motor DC 3V-6V DC130 18000RPM 50mA,9.48
349,CNC Shield V3 Impressora 3D Arduino para 4 Drivers A4988,40.80
350,Caixa Patola PB-605 para Montagem 40 x 81 x 121 mm,24.84
351,Sensor UV Guva-S12SD Ultravioleta para Arduino,44.56
352,Válvula Solenoide para Água 220V NF 180° ( 3/4 x 3/4),66.41
353,Display OLED 0.96 SPI 128x64 para Arduino,44.79
354,Módulo de Memória EEPROM AT24C256,13.21
355,Módulo Display 7 Segmentos Positivo Comum - P11,7.43
356,Válvula Solenoide para Água 12V NF 90° (3/4 x mang. 3/8),66.41
357,Carrinho Arduino Redondo Robô 2WD 200RPM MDF 3mm - Kit Chassi Usinainfo,91.25
358,Cabo para Motor de Passo da Impressora 3D Conector JST 4 / 6 Pinos com 4 Vias,10.93
359,Válvula Solenoide para Água 220V NF 180° (1/2 x 1/2),66.41
360,Caixa Patola PB-119/2 para Montagem 52 x 112 x 191 mm,39.81
361,Roda Boba Giratória Metálica Rolamentada para Carro Robô,12.26
362,Sensor de Linha Infravermelho BFD-1000 Com 5 Sondas + Detector de Distância e Impacto Mecânico,41.80
363,TFT LCD 2.4 Shield Arduino Touch Screen com Slot SD,104.64
364,Caixa Patola PB-065 para Montagem 28 x 44 x 65 mm,7.89
365,Shield Wifi Arduino ESP8266 ESP12e,66.41
366,Driver Motor Ponte H BTS7960B para Motor DC de Alta Corrente 43A,94.53
367,Módulo Microfone Eletreto Max9814 Amplificador com Controle Automático de Ganho,36.96
368,Controlador de Carga 18650 3S BMS / Placa de Proteção de Carga para Bateria 18650 3S 25A 12V,19.86
369,Conversor RS232 para Ethernet TCP/IP USR-TCP232-302,400.90
370,Rastreador Solar Arduino Solis Completo + Manual de Montagem,261.31
371,Carrinho Arduino Controlado por Smartphone - Montado e Pronto para Uso - PL200A V1,394.51
372,Sensor de Toque Capacitivo 4 Teclas - TTP224,10.36
373,Caixa Patola PB-150 para Montagem 100 x 150 x 214 mm,83.70
374,Caixa Patola PB-202 para Montagem 50 x 70 x 98 mm,20.85
375,Sensor de Nível de Líquidos Sem Contato - WS03,132.53
376,Laser Arduino Vermelho 12mm 5mW de Alta Potência,3.59
377,Sensor de Temperatura NTC 100K 3950 para Impressora 3D,11.31
378,Sensor de Contagem 5mm Chave Óptica para Encoder,36.81
379,Sensor de Umidade HR202L Higrômetro HR31,10.36
380,Módulo Sensor de Pressão Diferencial MPS20N0040D-D com Conversor Integrado,28.41
381,Conversor RS485 / RS232 / RS422 para Ethernet TCP/IP USR-TCP232-306 + Fonte de Alimentação,448.31
382,Módulo Relé 5V 10A 1 Canal HW-307,10.36
383,Caixa PatolaPB-029 para Montagem 11 x 20 x 32 mm,3.10
384,Módulo Sensor de Corrente AC / DC ACS758 50A Efeito Hall,55.96
385,Correia GT2 6mm para Impressora 3D e CNC 5 Metros,56.91
386,Regulador de Tensão Step Down DC AMS1117 - Saída 3.3V / 5V / 12VDC,11.88
387,Módulo LED RGB 5050 - KY-009,6.41
388,Módulo Emissor Infravermelho + Receptor IR / Codificador Decodificador IR Serial para Arduino - YS-IRTM,36.81
389,Protoshield V5 / Prototype para Arduino + Protoboard 170 pontos,28.41
390,Filtro Snubber para Proteção de Relés,13.21
391,Sensor AHT10 de Alta Precisão para Medir Temperatura e Umidade,15.11
392,Servo Horn Disco Metálico 20mm 25T para Servo Motor,7.92
393,Esteira Arduino em MDF Completa para Projetos EA100 V2 + Manual de Montagem,371.36
394,Sensor de Luminosidade Fotossensitivo LDR com Leds - P7,8.05
395,Módulo de Memória Flash W25Q64 64 Mbit,15.17
396,Sensor de pH Arduino + Módulo de Leitura,236.46
397,Válvula Solenoide para Gás e Ar 12V NA,56.91
398,Módulo MP3 Arduino WTV020 com Entrada SD Card,33.89.   25.55
399,Sensor Termostato ABS para proteção 35 graus,3.67
400,"Detector de Gás / Sensor de Gás MQ-6- GLP (Gás de Cozinha), Propano, Isobutano e Gás Natural Liquefeito",19.86
401,Detector de Gás / Sensor de Gás MQ-3 - Álcool / Etanol,25.56
402,Caixa Patola PB-008 para Montagem 25 x 39 x 75 mm,6.89
403,Semáforo Arduino LED 3.3V/5V 8mm - S3,10.36
404,Estrutura em MDF para Rastreador Solar Arduino + Manual de Montagem,25.84
405,Módulo Display 7 Segmentos TM1638 com 8 Leds e 8 Push Buttons,36.71
406,Sensor de Luz Ambiente TEMT6000,13.21
407,Válvula Solenoide para Água 12V 90° NF (1/2 x 1/2),65.55
408,Tabela de Pinos Arduino Uno R3 em Couchê Liso com Alta Resolução,2.00
409,Célula de Carga 100g Sensor de Peso para Arduino TAL221,66.41
410,Expansor para Arduino Nano V3.0 - EAN3.0,21.76
411,Módulo Receptor Rádio FM TEA5767 Philips,19.86
412,Sensor de Inclinação com Chave em Mercúrio,24.05.   18.91
413,Umidificador de Ar Ultrassônico 24V Névoa 400 ml/h,79.71
414,Mini Gerador Brushless de Energia MG10,24.61
415,Roldana V 24mm com Rolamento 625zz para Eixo 5mm,12.26
416,Módulo CAN BUS Arduino TJA1051,15.49
417,Caixa Patola PB-900/2 para Montagem 66 x 200 x 142 mm Preta,65.46
418,Sensor de Refletância Digital Similar QTR-8RC com 8 Sensores Infravermelhos de Linha,28.41
419,Detector de Gás / Sensor de Gás MQ-8 - Hidrogênio,18.53
420,Módulo Relé SLA-05VDC-SL-C 5V 30A 1 Canal com Optoacoplador,36.01
421,Display TFT LCD 1.3 SPI RGB 240x240 ST7789,66.41
422,Hub USB 2.0 4 Portas com Interruptor ON/OFF Individual e Led Indicador,28.12
423,Rolamento com Flange F625zz (5x16x5),9.88
424,Bombinha Submersa de Água 12V CP40A Brushless 8L/Min - OUTLET,54.06
425,Caixa Patola PB-201/2 para Montagem 40 x 72 x 86 mm,18.91
426,Cooler PC 120mm Fan 12V  Storm,29.93
427,Sensor de Corrente AC / DC ACS758 50A Efeito Hall,33.82
428,Caixa Patola PB-211 para Montagem 70 x 139 x 155 mm,56.91
429,Decodificador DTMF MT8870 Para Celular,20.85
430,Buzzer Ativo 12V Bip Contínuo PCI 12mm,3.50
431,Caixa Patola CF-126 para Montagem 62 x 83 x 126 mm,19.29
432,Servo Driver 16 Canais PCA9685,36.48
433,Testador de Servo 3 Canais ou ESC / Servo Tester CCPM,19.86
434,Esfera Deslizante W420 para Carro Robô,11.77
435,Caixa Patola CP-012 PF para Montagem 36 x 76 x 134 mm,19.86
436,Sensor de Pulso Infravermelho KY039 Para Batimentos Cardíacos,7.41
437,Sensor de Vibração SW-420,7.89
438,Sensor de Toque Capacitivo Httm com Led Azul,15.87
439,Tubo de Teflon Ptfe 4mm x 2mm para Filamento 1.75mm - 1 Metro,19.86
440,"Módulo Jack P4 (2,1x5,5mm) com 2 Saídas para Projetos",10.17
441,Caixa Patola PB-202/2 para Montagem 53 x 70 x 98 mm,19.86
442,Mancal com Rolamento Kfl08 para Eixo 8mm,27.84
443,Carrinho Arduino / Carro Robô 2WD 200RPM MDF - Kit Chassi Usinainfo,121.79
444,Sensor de Condutividade para Arduino - P24,5.89
445,Suporte para Sensor Ultrassônico - Retangular em MDF,3.14
446,Estrutura em MDF para Elevador Arduino Altum + Manual de Montagem,54.27
447,Matriz de LED 8X8 Vermelho,14.87
448,Rolamento com Flange F623zz (3x10x4),8.46
449,Robô Edison V2.0 para Robótica Educacional,645.05
450,Caixa Patola PB-030/2 Case para Montagem 23 x 31 x 31 mm,3.79
451,Sensor de Umidade e Temperatura HTU21D,29.93
452,Sensor de Gestos e Cor APDS-9960,38.75.   28.41
453,Controlador de Carga / Placa de Proteção de Carga BMS para Bateria 18650 1S 10A 4.2V,16.86
454,Módulo Driver Controlador de Motor de Passo Unipolar - ULN2003,8.50
455,Módulo Adaptador USB Macho para DIP,10.17
456,Sensor de Nível de Água Horizontal tipo Boia,33.82
457,First Robot / Módulo Robô Led para Interação com o Público - PL2,20.35
458,Válvula Solenoide para Água 12V NF 180° (1/4 x 1/4) Rosca Interna BSP,59.76
459,Suporte para Motor DC130,7.41
460,Fixador Emenda para Correia GT2,14.47
461,Detector de Metais 5V para Projetos DIY,28.41
462,Roldana 24mm com Rolamento 625zz para Eixo 5mm,14.87
463,Chassi Carrinho Arduino MDF com Eixo Móvel V2 + Manual de Montagem,33.45
464,Suporte para Display 16x2 Case em MDF - SD162,7.69
465,Microfone Omnidirecional INMP441 para Projetos,34.96
466,Cartucho Aquecedor 12V 40W para Impressora 3D Reprap,19.86
467,Indicador de Direção do Vento Arduino para Estação Meteorológica - DV10,369.46
468,Ponte Retificadora com Diodo 1N4007 Onda Completa AC para DC,9.88
469,Módulo Ethernet W5500 Arduino,56.91
470,Kit para Arduino Standalone ATmega328P com Bootloader,79.71
471,Robô Sumo Zumo Robot Arduino Completo RS100 V2 + Manual de Montagem,381.26
472,Chassi em MDF para Robô Sumo Zumo Robot RS100 V2 + Manual de Montagem,28.34
473,Grade para Cooler 120mm Metálica,7.93
474,Módulo Adaptador USB Fêmea 3.0 para DIP,6.89
475,Conversor RS485 para Ethernet TCP/IP USR-TCP232-304,369.55
476,Módulo Transmissor de Rádio FM para Arduino - V2.0,56.91
477,Caixa Patola PB-062 para Montagem 27 x 51 x 61 mm,5.61
478,Caixa Patola PB-600/2 para Montagem 38 x 106 x 124 mm,33.42
479,Tabela de Pinos Arduino Mega 2560 em Couchê Liso com Alta Resolução,2.00
480,Sensor de Umidade e Temperatura - DHT12,35.82
481,"Motor de Passo NEMA 17 4,5Kgf.cm 42HBD40BJ4-TF0 + Cabo",159.89
482,Sensor de Gás Ozônio MQ-131 para Baixa Concentração,208.53
483,"Suporte para Leitor Biométrico Arduino\xa0JM101, R305, R307",28.41
484,Makey Makey Kit Piano Sensor Touch com Cabo USB e Jacaré + Jumpers,167.68
485,Módulo ZVS de Aquecimento por Indução com Bobina 5 a 12V - MA712,90.16
486,Isolador Óptico PC817 4 Canais 3.6-24V,23.66
487,Motor DC 12V com Caixa de Redução 30RPM,125.44
488,Grampo para Mesa Aquecida Impressora 3D,8.18
489,Eletrodo ECG para Sensor Muscular e Sensor Cardíaco Arduino - Kit com 3 Unidades,8.45
490,Sensor de Temperatura DS18B20 à Prova DÁgua Rosca G 1/2 com Poço,113.91
491,Conversor de Tensão para Corrente 0-5V PARA 4-20mA - CTC10,29.93
492,Mega Sensor Shield V2.0 para Arduino,28.83
493,TFT LCD 3.5” Shield Arduino Touch Screen com Slot SD,142.31
494,Kit Arduino Iniciante em Sensores V2,101.92
495,Caixa Patola SI-003 para Montagem 15 x 22 x 76 mm,4.89
496,"Shield Multifunções para Arduino K586 com Buzzer, Display, Push Button + Interfaces Extras",35.06
497,Kit de Peças para Robótica DIY Arduino 50 Peças,47.41
498,Sensor de Força Resistivo 0.5″ FSR402,69.73
499,Cabo Extensor USB AB Macho X Fêmea 30cm para Impressora 3D,13.21
500,Elevador com Arduino Altum Completo + Manual de Montagem,290.84
501,Caixa Patola PB-203/2 para Montagem 46 x 87 x 98 mm,24.84
502,Display OLED 0.91 I2C 128x32 Branco para Arduino,34.82
503,Bombinha Submersa de Água para Arduino 5V USB  JT160A 1.5L/Min,70.21
504,Relé de Temperatura com NTC / Sensor de Temperatura com Relé,29.83
505,Mola Plana 20mm para Mesa Aquecida da Impressora 3D,3.90
506,Barra Magnética Peixinho com Anel Central 20mm,10.88
507,Motor DC 12V / 24V RS555PH de Alta Rotação 10.000RPM,157.51
508,Mola Plana 25mm para Mesa Aquecida da Impressora 3D,3.90
509,Mega Protoshield V3 / Prototype para Arduino Mega + Protoboard 170 pontos,33.42
510,Transformador Trafo 12V + 12VAC 2A Bivolt de Uso Geral,65.74
511,Módulo MP3 Decodificador com Recepção Bluetooth e Conexões Micro SD e USB,43.61
512,Relé com Controle Remoto 12V 10A 1 Canal 433MHz + Case,89.40
513,Módulo ESP8285 M3 WiFi Serial - ESP-M3,29.36
514,Isolante Térmico 3mm para Bloco Aquecedor do Hotend Impressora 3D,2.16
515,Leitor de Cartão de Memória Micro SD com USB 2.0,9.41
516,Plug RCA Macho com Bornes,2.38
517,"Relé de Atraso / Relé de Retardo 12V (0,13s a 60min) FC-32A",39.90
518,Sensor de Temperatura PT100A -50 a + 300°C,19.48
519,Kit Arduino Sensores 37 em 1 + Caixa Organizadora,223.73
520,Kit Árvore de Natal Led Piscante DIY para Aprendizagem Eletrônica - AN16,45.98
521,Arduino GPS Shield Elecrow + Antena,337.96
522,Sensor de Pressão Absoluta MD-PS002-150kPa,23.66
523,Etiqueta NFC Tag 13.56Mhz Fundan F08 Adesiva - Kit com 2 Unidades,4.66
524,Módulo Potenciômetro Deslizante 10k para Arduino,22.71
525,Roldana 15mm com Rolamento para Eixo 5mm,15.68
526,Suporte Acrílico para Micro Servo Motor Usinainfo - Compatível com SG90,16.21
527,Módulo Display LED 8 Dígitos com Interface Controle SPI - MAX7219,28.41
528,Porca T Martelo M3 para Perfil V-Slot 20 - Kit com 4 Unidades,8.46
529,Módulo Driver PWM YYNMOS-1 com Isolador Óptico 1 Canal,24.61
530,Kit Eletrônica Educacional com 8 Projetos “Circuitos de Papel” - KES8,61.12
531,Ramps 1.4 RepRap Shield Arduino para Impressora 3D,55.96
532,Módulo Chave Térmica / Sensor De Temperatura Termistor Arduino - K275,9.45
533,Válvula Motorizada Esfera 2 Vias 1/2 12V DC - DN15,275.03
534,Transformador de Corrente TC 5A 5V / Sensor de Corrente AC com Relé,49.78
535,"Polia GT2 Tensora 20T ID5 OD18 W6 / 20 Dentes, Eixo 5mm, Diâmetro 18mm para Correia de 6mm",11.88
536,Case em MDF para Cofre Arduino Valorem + Manual de Montagem,32.90
537,Roda 34mm Slim para Micromotor DC 12V N20 com Caixa de Redução,5.89
538,Conversor PWM para Tensão 0 A 10V,32.21
539,Kit Educacional Livro Eletrônica Fácil - Charles Platt com 50 Peças,171.94
540,Mesa aquecida MK2B PCB 12V / 24V para Impressora 3D RepRap,69.73
541,Castanha M8 com Mola Anti Folga para Fuso 8mm,17.96
542,Caixa Patola CF-070/2 para Montagem de Fonte de Alimentação 47 x 56 x 79 mm,11.48
543,Módulo iBeacon NRF51822 RSSI BLE 4.0 + Case,78.76
544,Sensor AM2320 de Umidade e Temperatura I2C,28.41
545,Sensor de Umidade e Temperatura SHTC3 DHT22 -40 a 125°C,42.66
546,Motor com Fios Soldados e Caixa de Redução 48:1 200RPM + Roda,33.52
547,Nozzle Bico Extrusora Impressora 3D 0.3mm,5.61
548,Correia GT2 6mm Fechada 200mm para Impressora 3D e CNC,10.88
549,Micro Servo Emax Es08ma II 180° 2.0Kgf.cm de Posição com Engrenagens Metálicas,53.11
550,Controlador de Umidade do Solo com Relé 20 a 99% RH XH-M214,56.91
551,Mini Bomba de Água Submersa 12V AD20P Brushless 4L/Min,62.61
552,Módulo Gerador De Funções Ad9850 Dds 0-30mhz,189.53
553,Kit Projeto Relógio Eletrônico Digital DIY STC11F02,51.78
554,Shield Data Logger com RTC DS1307 para Wemos D1 Mini,25.56
555,Caixa Patola PB-048 para Montagem 19 x 40 x 54 mm Furada,4.89
556,Módulo LoRa 915Mhz SX1276 RF Wireless + Antena,85.41
557,Sensor AM2301 DHT21 de Umidade e Temperatura,47.41
558,Estrutura em MDF para Casa Automatizada Domum com ESP32 ou Arduino,85.06
559,Caixa Patola PB-073 para Montagem 40 x 53 x 73 mm,7.49
560,Módulo Relé Para Controle Remoto 433MHz 10A 1 Canal - Compatível com Controle EV1527,56.91
561,Grilo Solar com Motor Vibracall e Painel Fotovoltaico - Kit Educacional,22.33
562,Módulo Potência Mosfet HA210N06 210A / Controle para Mesa Aquecida Impressora 3D Ramps 1.4 e Anet A8,45.79
563,Shield Stepper Motor Arduino SM3D para Driver A4988 e DRV8825 para Impressora 3D,19.86
564,Sensor de Vibração SW-18015,3.90
565,Sensor De Temperatura PT100 com Sonda à Prova D’Água,28.41
566,Módulo Encoder 360° Redondo 5V CE11,16.91
567,"Primeiros Passos com Sensores: Perceba o mundo usando eletrônica, Arduino e Raspberry Pi",46.08
568,Robô Explorador Hector Lagarta 2WD com Chassi em Alumínio,408.98.   221.26
569,Controladora de CNC Interface Mach 3 Router Até 5 Eixos + Cabo Usb - 74HC,79.90
570,Válvula Motorizada Esfera 2 Vias 3/4 12V DC - DN20,332.03
571,Kit Prototipagem Intermediário com Protoboard 830 Pontos + Jumpers + Fonte e Adaptador - 68 Peças,55.48
572,Sensor Magnético NF de Embutir com Fios,15.56
573,Caixa Patola PB-205 para Montagem 40 x 140 x 149 mm,56.91
574,Clapper Misofônico - Módulo Eletrônico Relé para Controle Remoto com Infravermelho e Sensor de Som,124.64
575,Controle 433Mhz Transmissor RF 2 Canais Premium EV1527,32.82
576,Sensor Ultrassônico GY-US42 de Distância 20 a 720cm,104.03
577,MH-ET Live Scanner V3.0 / Leitor de Código de Barras e QR Code,275.03
578,Sensor de Chama Infravermelho 3mm - P22,6.56
579,Sensor de Vibração e Toque Piezoelétrico 20mm Analógico Digital,23.66
580,"Motor de Passo NEMA 17 4,6Kgf.cm 17HS8401 + Cabo",166.16
581,Suporte Eixo Linear Sk8 para Eixo 8mm,18.46
582,Cartucho Aquecedor 24V 40W para Impressora 3d Reprap,16.86
583,Sensor de Toque Capacitivo Httm com Led Vermelho,15.87
584,"Gerador de Sinal PWM XY-PWM1 com Display LCD, Duty Cycle e Frequência Ajustável - 1Hz-150Khz",82.56
585,Expansor Conversor AD / DA PCF8591 com Sensor de Luz e Temperatura + Jumpers,17.86
586,Válvula Solenoide para Água 12V 90° NF (3/4 x 3/4),62.75
587,AVR ISP Shield FZ2665 / Gravador AVR Bootloader Para Arduino,76.71
588,"Polia GT2 Tensora 20T ID5 OD16 W6 / 20 Dentes, Eixo 5mm, Diâmetro 16mm para Correia de 6mm",11.88
589,Controlador PWM 1203BB 3A para Motor DC 0 a 100% com Reverso,32.82
590,Módulo Relé 3V 10A 2 Canais com Optoacopladores  para ESP32,48.38
591,Módulo Gerador de Pulso Frequência NE555 para Arduino - 5Hz a 2kHz,7.89
592,Nozzle Bico Extrusora Impressora 3D 0.2mm,6.18
593,Servo Motor SG5010 Tower Pro 180° 11Kgf.cm de Posição com Alto Torque,47.41
594,Micro Registro 1/4 para Irrigação por Gotejamento,13.21
595,Antena 433MHz 5dbi + Cabo Pigtail UFL Mini com SMA Fêmea,39.81
596,Módulo Receptor Rádio FM com antena - Philips TEA5767,66.41
597,Círculo de Led Endereçável RGB WS2812 com 16 Leds,44.56
598,Barra Roscada Fuso M8 x 300mm para Impressora 3D + Castanha,66.41
599,Thermowell Poço para Sensor de Temperatura 30mm Rosca 1/2 + Prensa Cabo PG7,47.41
600,Estrutura em MDF para Árvore de Natal Arbor,7.92
601,Kit de Parafusos 90 Peças para Braço Robótico em MDF,20.15
602,Caixa Patola PB-030 para Montagem 29 x 31 x 31 mm,4.66
603,Receptor 433Mhz RXB6 Super Heteródino,26.09
604,I/O Expansion V5.0 - Shield Arduino Expansor de Entradas e Saídas V5.0,49.78
605,"Sensor de Qualidade do Ar ZP07-MP503 - Hidrogênio, Álcool, Monóxido de Carbono, Amônia, Fumaça de Cigarro e Etc",49.78
606,"Polia GT2 Tensora Lisa ID5 OD18 W10 / Sem Dentes, Eixo 5mm, Diâmetro 18mm para Correia de 10mm",12.47
607,Suporte Elevado para Sensor Ultrassônico em MDF,3.17
608,Módulo Bluetooth BT04-E BLE 4.2 + 3.0 SPP Arduino Compatível com iOS e Android,23.66
609,Detector de Gás / Sensor de Gás MQ-136 - Gás Sulfídrico H2S,339.63
610,Laser Vermelho de Alta Potência 250mW com Foco Ajustável,85.41
611,Engate Rápido Mangueira com Saída 3/8,16.86
612,Suporte para Display 20x4 Case em MDF - SD204,8.25
613,Cofre Arduino Digital Valorem Completo + Manual de Montagem,270.98
614,Barra Magnética Peixinho com Anel Central 30mm,15.68
615,Módulo LED RGB 5V (Vermelho/Verde/Azul) - P20,8.69
616,Placa de Proteção de Carga BMS 1S 3A 4.2V para Bateria 18650,5.61
617,Medidor de TDS Sensor de Condutividade da Água Analógico,94.27
618,Módulo Relé 3V 10A 4 Canais com Optoacopladores para ESP32,73.32
619,Controlador De Nível De Água Eletrônico XH-M203 com Relé,49.97
620,Motor para Drone Hubsan X4 de Alta Rotação H107-A03 - Kit com 4 unidades,136.55.   75.91
621,Joystick Arcade 8 Posições - Bola Vermelha,53.77
622,Mini Impressora Térmica para Arduino e Raspberry Pi + Rolo Papel Térmico 57mm + Cabos,436.62
623,Módulo Sensor Magnético de Efeito Hall 3144 Arduino,24.37.   9.98
624,Dimmer 100W / Regulador De Tensão Elétrica 220VAC DIY,18.91
625,"Kit Agulha de Limpeza para Bico de Impressora 3D RepRap 0,2 a 0,40mm 10 Unidades",32.55
626,"Polia GT2 Tensora 16T ID3 OD13 W6 / 16 Dentes, Eixo 3mm, Diâmetro 13mm para Correia de 6mm",11.88
627,Kit de Engrenagens para Robótica Diy 120 Peças,59.76
628,Máquina para Relógio de Parede Quartzo DIY Universal,10.93
629,Caixa Patola / Case para Montagem 41 x 49 x 65 mm - CF-066/2,9.88
630,Mini Amplificador de Som OEP30WX2 Estéreo 2 Canais 30W + 30W,23.85
631,"Extrusora Hotend V6 LD 0.4 1.75mm Longa Distância com Aquecedor, Termistor, Bico e Cooler + Tubo ptfe",98.66
632,Ai Thinker A9G GPRS GSM GPS Pudding - Placa de Desenvolvimento IoT,159.51
633,Kit Arduino Sensores 37 em 1,189.53
634,Caixa Patola PB-220/70 para Montagem 71 x 228 x 190 mm,125.59
635,Controle para PC USB tipo Nintendo Compatível com Raspberry Pi - KP3124,44.18
636,Placa de Desenvolvimento STM32F411 com USB tipo C,99.66
637,Rig de Mineração para 4 GPUs e 6 Fans MDF 6mm RM4G6F V3 Preto + Manual de Montagem,183.08
638,Dado Eletrônico para Programação - PL3,21.52
639,Válvula Solenoide para Água 12V NA 180° ( 1/2 x 1/2),75.91
640,Bico Gotejador Regulável Estaca com Bico Nebulizador 1/4,13.49
641,Kit Gerador de Alta Tensão HV-1 DIY Entrada 3 a 5V DC e Saída 15000V,34.96
642,Amplificador Max31865 RTD para Pt1000,89.78
643,Estrutura em MDF para Mini Casa Sustentável DIY,31.73
644,Kit Prototipagem Básico com Protoboard 400 Pontos + Jumpers - 41 Peças,43.99
645,"Livro Arduino - Movimento, Luz e Som com Arduino e Raspberry Pi",78.40
646,Kit Luz Estroboscópica NE555 + CD4017 DIY,31.23
647,Livro Manual de Projetos do Arduino: 25 Projetos Práticos para Começar com Arduino,83.79
648,Módulo Sensor de Umidade HR202L Higrômetro HR31 com Encapsulamento,13.47
649,Correia GT2 6mm Fechada 852mm para Impressora 3D e CNC,30.88
650,ULN2003 Driver para Motor de Passo,9.88
651,Célula de Carga Arduino 100kg Sensor de Peso Mavin NA2,265.53
652,Colar de Bloqueio Fuso T8 Impressora 3D,7.41
653,Módulo Teclado com 5 Botões AD-Keyboard,22.33
654,Transformador de Corrente TC 5A 12V / Sensor de Corrente AC com Relé,37.91
655,Controlador Gráfico para Painel de Impressora 3D RepRap com LCD 128x64 e Slot SD,178.55
656,Nozzle Bico Extrusora Impressora 3D 0.5mm,6.92
657,"Polia GT2 Tensora Lisa ID3 OD13 W6 / Sem Dentes, Eixo 3mm, Diâmetro 13mm para Correia de 6mm",11.88
658,Tubo de Teflon Ptfe 4mm x 3mm para Filamento 2.85mm - 1 Metro,18.91
659,TFT LCD 3.95” Shield Arduino Touch Screen com Slot SD,113.05
660,Sensor de Proximidade TMD27713 (LED IR + ALS),36.81
661,Módulo Relé 2 Canais Micro USB com Conversor CH340,89.68
662,Case em MDF para Useless Box Caixa Inútil BS100 + Manual de Montagem,40.28
663,Case em MDF para Jogo do Labirinto Ludio + Manual de Montagem,39.10
664,Kit TFT LCD 3.2” Touch com Mega Shield Arduino + Kit de Jumpers,242.25
665,Display OLED 0.91 I2C 128x32 Azul para Arduino,33.82
666,Válvula Solenoide para Água 12V NA 180° ( 3/4 x 3/4),66.74
667,"Livro Eletrônica Fácil - Aprenda de Modo Rápido, Simples e Divertido",36.96
668,Isolamento Térmico para Impressora 3D Auto-Adesivo 20x20cm,28.25.   19.86
669,Controlador PWM 15A 1000W  para Velocidade de Motores 6V à 90V,53.11
670,Suporte para Motor K30 - Kit com 2 Unidades,5.89
671,Kit Joystick Arduino em Acrílico com Comando Analógico Duplo + Parafusos de Fixação,45.59
672,Furador para Mangueira de Irrigação por Gotejamento Duplo 3 e 4mm,14.87
673,Kit Piano Elétrico DIY NE555 com 8 Teclas e Alto-Falante,24.84
674,Sensor de Nível de Água Vertical 200mm em Aço Inoxidável para Água Quente,66.41
675,Arduino Mega 2560 R3 com CH340G,198.55
676,Kit Coração de Led Pulsante DIY 4V a 6V para Aprendizagem Eletrônica HBL22 - Vermelho,19.86
677,Kit Projeto Relógio Eletrônico Digital STC12C2052 com Alarme DIY,59.76
678,"Polia GT2 Tensora 20T ID3 OD16 W6 / 20 Dentes, Eixo 3mm, Diâmetro 16mm para Correia de 6mm",11.88
679,Suporte para Motor de Passo Nema 17 42x42mm em MDF - SN42,4.20
680,Conversor RS485 para Sensor PT100 Modbus RTU,59.76
681,Controle Wii Nunchuck para Arduino,61.85.   19.86
682,Barra Roscada Fuso M8 x 200mm para Impressora 3D + Castanha,72.35.   43.61
683,Suporte Eixo Linear Shf8 para Eixo 8mm,23.75
684,Kit Coração de Led Pulsante DIY 4V a 6V para Aprendizagem Eletrônica HBL22 - Azul,19.86
685,Motor Shield L298 Driver Ponte H com Interface para Servo Motor e Bluetooth,104.03
686,"Polia GT2 Tensora 20T ID3 OD18 W6 / 20 Dentes, Eixo 3mm, Diâmetro 18mm para Correia de 6mm",11.88
687,Display LCD 128x64 JLX12864G-086 SPI,66.41
688,Conversor Analógico Digital ADS1115 16 Bits 4 Canais ADC,73.91
689,"Shield Arduino Multifunções K596 com DHT11, LM35, Receptor IR, LDR, LEDs, Buzzer e Outros",64.74
690,Barra Roscada Fuso M8 x 100mm para Impressora 3D + Castanha,49.98.   30.31
691,Mini Bobina de Tesla Musical 15V DIY,59.76
692,Livro Arduino - Guia do Maker para o Apocalipse Zumbi,59.76
693,Nano I/O Shield / Expansor para Arduino Nano com Slot para Xbee e NRF24L01 - RBT1.0,36.81
694,Livro Aprenda Eletrônica com Arduino,87.88
695,Sensor de Fluxo de Água com Interruptor Magnético EFS-04P G1/2,42.66
696,Sensor Flex 4.5” Premium para Projetos,379.05
697,Motor DC 6V JGA25 com Caixa de Redução 211RPM,121.70.   50.26
698,Correia GT2 6mm Fechada 110mm para Impressora 3D e CNC,10.22
699,Espátula para Impressora 3D Super Fina em Aço,14.23
700,Transmissor de Temperatura Pt100 Conversor -50~200°C Saída 0 a 10V,79.75
701,Sensor Shield V4.0 para Arduino,29.83
702,Sensor de Chuva Arduino CJMCU-606,61.06.   22.86
703,"Polia GT2 Tensora Lisa ID3 OD16 W6 / Sem Dentes, Eixo 3mm, Diâmetro 16mm para Correia de 6mm",13.20
704,Módulo Relé 3V 10A 8 Canais com Optoacopladores para ESP32,123.22
705,Toca Discos Vinil DIY Orbis em MDF Completo + Manual de Montagem,266.77
706,Sensor de CO2 MH-Z19B Infravermelho 5000ppm + Cabo,359.58
707,Controlador PWM 20A 1200W para Velocidade de Motores 10V à 60V,39.81
708,Estrutura MDF para Carro Robô 2WD,17.16
709,Detector de Gás / Sensor de Gás MQ-137 - Amônia,377.56
710,Conversor Serial UART TTL para Ethernet TCP/IP HS2003,113.53
711,Antena 433MHz 3dbi + Cabo Pigtail UFL Mini com SMA Fêmea,28.41
712,"Sensor de Qualidade do Ar MICS-6814 / Sensor de Gás Monóxido de Carbono, Dióxido de Nitrogênio, Amônia, Metano e...",265.53
713,Módulo de Memória EEPROM Mini - AT24C02,11.31
714,Cortador de Mangueira e Tubo Pu ou Pa - CM14,29.34
715,Useless Box Arduino / Caixa Inútil Completa BS100 + Manual de Montagem,306.26
716,Suporte Eixo Linear Sk12 para Eixo 12mm,15.68
717,Estrutura MDF para Alimentador Automático Pets Canem + Manual de Montagem,81.10
718,Sensor de Fluxo de Água YF-B7 G 1/2 1-25 l/min Metálico com Sensor de Temperatura,85.41
719,Sensor de Vibração e Toque Piezoelétrico 27mm Analógico,14.16
720,Câmera Térmica Arduino AMG8833 8x8,389.03
721,"Módulo Programador Attiny85, Attiny13A, Attiny25 e Attiny45 com Micro USB",9.88
722,Botão Power 16mm com Fios para Rig de Mineração em Alumínio com LED Azul,40.34
723,Conversor Serial TTL para RS485 MAX1348 TTL485 V2.0,22.71
724,Conversor RS485 para 0-20mA 4-20mA Modbus RTU,59.76
725,Controlador Gráfico para Painel de Impressora 3D RepRap com LCD 20x4 e Slot SD,125.59
726,Shield Data Logger para Arduino Nano com RTC DS1307 para Registro de Dados,77.71
727,Openlog Datalogger Arduino Registrador de Dados Serial ATmega328P com Slot Micro SD,65.46
728,"Polia GT2 Tensora Lisa ID3 OD18 W6 / Sem Dentes, Eixo 3mm, Diâmetro 18mm para Correia de 6mm",11.88
729,Relé com Controle Remoto Infravermelho 5V 10A 1 Canal - IR05V,46.79
730,Sensor de Distância a Laser TOF10120 de Alta Precisão + Cabo - 10 a 180cm,109.16
731,Case em MDF para Termômetro Infravermelho Arduino TI100,16.72
732,Jogo do Labirinto com Arduino DIY Ludio Completo + Manual de Montagem,284.60
733,Mini Motor DC N40 3.7V para Projetos,10.48
734,Isolador Óptico SV-5A1R1P-N 1 Canal 5V,28.83
735,Kit Robótica Educacional 13 Robôs em 1 com Painel Solar,198.55
736,Caixa Patola PB-073/2 para Montagem 40 x 53 x 73 mm,7.58
737,Kit Joystick Arduino em MDF com Comando Analógico Duplo + Parafusos de Fixação,36.42
738,"Extrusora Hotend V6 LD 0.4 3.0mm Longa Distância com Aquecedor, Termistor, Bico e Cooler + Tubo ptfe",94.40.   59.76
739,Rolamento de Esfera 6001 ZZ Blindado (12x28x8),10.36
740,Kit de Nivelamento para Mesa Aquecida da Impressora 3D - CR10,16.86
741,Kit Arduino Básico Uno R3 + Estojo MDF - KB05,147.48
742,Controlador de Carga XY-CD60L para Bateria de Lítio e Chumbo 6V-60V,75.91
743,Alimentador Automático para Pets com Arduino DIY Canem Completo + Manual de Montagem,342.73
744,Gerador de Funções XR2206 DIY 1Hz a 1Mhz,52.16
745,Buzzer Ativo 24V Bip Contínuo PCI 12mm,3.70
746,Sensor de Corrente AC / DC 150A Efeito Hall ACS758,35.53
747,Chassi Arduino Tanque tipo Lagarta 2WD MDF com Esteiras - CT200,73.53
748,"Rolamento com Flange F684zz (4x9,5x4)",8.88
749,Correia GT2 6mm Fechada 610mm para Impressora 3D e CNC,19.86
750,Módulo LoRa 868Mhz SX1276 RF Wireless + Antena,83.70
751,Sensor MG811 Detector de Dióxido de Carbono CO2,379.05
752,Mini Motor DC N50 3.7V para Projetos,15.11
753,Receptor 433Mhz RXC6 PT2262 Super Heteródino + Antena - Compatível com Controle EV1527,28.41
754,"Polia GT2 Tensora 20T ID5 OD18 W10 / 20 Dentes, Eixo 5mm, Diâmetro 18mm para Correia de 10mm",12.47
755,Servo Motor TD-8120MG Tiankongrc 180° 20Kgf.cm de Posição com Alto Torque e Engrenagens Metálicas,132.91
756,Extensor para Rig de Mineração RM4G6F V3 com 4 GPUs e 6 Fans MDF 6mm + Manual de Montagem,79.33
757,Rolamento Linear 12mm LM12UU para Impressora 3D e CNC,17.47
758,Sensor de Umidade HR202L Higrômetro HR31 com Encapsulamento,9.88
759,Rolamento com Flange F604zz (4x12x4),8.88
760,Kit Irrigação por Gotejamento Completo 1/4 10m - KG10,180.59.   138.31
761,"SIM808 Módulo GSM, GPS e Bluetooth Arduino Quad-band com Slot para SIM + Antenas",246.53
762,Placa MEGA 2560 Pro com CH340,180.03
763,Borracha Passa Fio N°40 - Kit com 10 Unidades,6.89
764,Mancal Kp08 com Rolamento para Eixo 8mm,52.06
765,Livro Como Montar um Robô com Arduino,34.11
766,Sensor de Nivelamento Indutivo NPN PL-08N NA 8mm,37.91
767,Círculo de Led Giratório DIY Ativado por Som com CD4017,19.86
768,Conector Reto Pneumático 4mm x Rosca Macho 3/8,4.66
769,Placa de Proteção para Bateria BMS 18650 3S 10A 12V HX-3S-FL10,14.87
770,Adesivo Magnético para Mesa da Impressora 3D 235x235mm,157.11
771,Wemos Samd21 Mini Cortex M0 32bits 48MHz,141.46
772,Módulo Gerador PWM TL494 500Hz-100kHz,17.96
773,Balança para Arduino em MDF 6mm com 2 Células de Carga de 50kg - PL100,75.42
774,Mini Umidificador de Ar Ultrassônico 5V Névoa 40 ml/h,31.26
775,Conversor RS485 Modbus para Sinal de Entrada 2 x 4-20mA,49.31
776,Suporte para Castanha M8 Trapezoidal Impressora 3D,50.14
777,Módulo Relé 5V 10A 16 Canais com Optoacopladores,137.75
778,Cabo Adaptador Y 8x8 (2x6+2) 18AWG para GPUs de Mineração,36.90.   23.66
779,Extensor para Rig de Mineração RM4G6F V2 com 4 GPUs e 6 Fans MDF 6mm + Manual de Montagem,88.80
780,Mini Casa Sustentável DIY com Geração de Energia Manual Completa,114.70
781,Matriz de LED 8x16 Azul I2C 128 Leds AIP1640,66.41
782,Engrenagem Extrusora Ultimaker 2 Serrilhada Furo 5mm Impressora 3D,19.86
783,Estrutura em MDF para Robô Ludos,20.62
784,Suporte Exaustor Superior MDF SES3 para 3 Fans em Rig de Mineração,49.16
785,Conversor de Frequência 0 a 1KHz para Tensão 0 a 10V,45.19
786,Rig de Mineração para 8 GPUs e 12 Fans MDF 6mm RM8G12F V3 Preta + Manual de Montagem,299.05
787,Micro Motor de Passo 5V 8x9mm Eixo 0.75mm,11.31
788,Eixo Linear 8mm x 370mm para Impressora 3D,80.31
789,Display OLED 0.42 I2C 70x40 Branco para Arduino,39.73
790,Isolador PTFE 1.75mm Hotend Olsson Ultimaker 2,16.86
791,Receptor FM PLL LCD 87-108MHZ com Tela de 1 - Compatível com Comando Serial,74.01
792,Módulo Relé RS485 12V Modbus-Rtu 1 Canal,68.31
793,Estrutura em MDF para Toca Discos Vinil DIY Orbis + Manual de Montagem,42.52
794,Kit Árvore de Natal MDF com Leds DIY Arbor para Aprendizagem Eletrônica,78.74
795,Balança para Arduino em MDF 6mm com 4 Células de Carga de 50kg - PL200,106.39
796,Válvula de Bloqueio Pneumática 4mm Manual com Conexão Instantânea,13.21
797,Arduino UNO Wifi Atmega328P com ESP8266 e CH340,113.53
798,Conversor USB para TTL RS232 PL2303 Prolific,14.16
799,Sensor de Presença de Filamento para Impressora 3D,39.81
800,Conector Engate Rápido com Rosca de 3/4 e Redução para 1/2,13.87
801,Kit Irrigação por Gotejamento Completo 1/4 15m - KG15,209.98
802,Sensor de Gás Ozônio MQ-131 Duplo para Baixa e Alta Concentração,523.69
803,Arduino Mega Wifi R3 Atmega2560 com ESP8266 e CH340,284.53
804,Expansor para Arduino Nano V3 com Bornes,17.96
805,"Waldunano V1 Shield para Arduino Nano com Conexão para ESP8266, Bluetooth, Display, Xbee",39.81
806,Kit de Peças em MDF para Robótica 62 Peças DIY KTE01,29.55
807,Extrusora Impressora 3D Mk10 1.75mm - Lado Direito,59.76
808,E-Paper Display Arduino MH-ET LIVE 1.54” SPI,188.90.   132.91
809,Isolador PTFE 3mm Hotend Olsson Ultimaker 2,16.86
810,Bloco Aquecedor Hotend RepRap Impressora 3D,23.85
811,Gerador Onda Senoidal EGS002 ( EG8010 + IR2110) + Display LCD 3220,98.75
812,"Motor de Passo 12V 0,12Kgf.cm 16HA0003C",118.70
813,"Motor DC 12V TKF37JPG3429-670 com Caixa de Redução 13RPM 8,5Kgf.cm",109.23
814,Módulo MP3 DY-SV17F com Memória 4 MByte I/O UART 5W,33.82
815,Fechadura Elétrica Solenóide 12V NF Compacta FEC-91 - Lingueta Superior,47.41
816,Extrusora Impressora 3D Mk10 1.75mm - Lado Esquerdo,59.76
817,Suporte para Teclado Matricial 3x4 12 Teclas - Case Inclinado em MDF,11.42
818,Placa Nano Every ATmega4808 Arduino Compatível,128.68
819,Sensor de Toque Capacitivo com Mola para Controle Luminoso,16.86
820,Controlador PWM 10A 400W para Velocidade de Motores 12V à 40V,50.78
821,Adaptador Add2psu para Ligar Duas Fontes Atx - 24 Pinos,27.06
822,Sensor de Proximidade E3F-DS30C1 Infravermelho NPN NO - Detecção 10 a 30cm,49.78
823,Módulo Sensor de PH BNC PH4502C Sem Sonda,128.68
824,Driver Controlador RGB P9813 para Leds e Fitas de Led,74.96
825,Kit Educacional Livro Manual de Projetos do Arduino - Mark Geddes com 215 Peças,529.65
826,Sensor de Umidade de Solo 12V com Relé FC-50,28.41
827,Sirene para Alarme 6~24V 90dB de Alta Potência LZQ-3D,28.41
828,Módulo Ethernet LAN8720 RMII com RJ45,39.43
829,Sensor de Umidade e Temperatura HDC1080,39.43
830,Fixador Suporte U para Hotend V6,12.87
831,"Extrusora Hotend V6 SD 0.4 3.0mm Curta Distância com Aquecedor, Termistor, Bico e Cooler + Tubo ptfe",98.66
832,Joystick Arduino 5 Eixos IO Keypad com Teclado Matricial 2x5,70.84.   39.21
833,Case em MDF para Voltímetro Analógico VA100,17.67
834,Chocadeira Arduino EGG Completa com Controle de Temperatura + Manual de Montagem,565.53
835,Gerador de Ozônio Portátil 15g/h\xa0Cerâmico 220V Higienizador,492.35.   301.06
836,Livro Nas Linhas do Arduino: Programação Wiring para Não Programadores,55.48
837,Mini Motor DC N20 para Projetos Eixo 1x1.6mm,15.23
838,Cabo Riser Usb 3.0 009S Extensor PCI Express com Capacitores para Mineradora,157.40.   100.61
839,Filtro de Linha 3 Tomadas 8A Bivolt FLP3 3 Metros com Fusível de Proteção e Chave ON/OFF - Ideal para Rig de...,69.73
840,Extensor para Rig de Mineração RM4G6F V3 Preto com 4 GPUs e 6 Fans MDF 6mm + Manual de Montagem,115.97
841,Conversor RS485 para Sensor NTC 10K Modbus RTU,68.78
842,Bússola Digital GY511 LSM303DLHC com Magnetômetro e Acelerômetro 3 Eixos,34.96
843,Controlador de Carga para Bateria 12V XH-M601 com Relé e Trimpots,25.56
844,Módulo FTDI FT232RL Conversor USB Serial TTL e RS232 com Seletor 3.3V / 5V,27.46
845,Kit Irrigação por Gotejamento Completo 1/4 5m - KG5,132.10
846,Dissipador de Calor M6 11mm Impressora 3D,17.86
847,"Camiseta Maker “Hello, World” - Preta M",62.71
848,Sensor de Auto Nivelamento 3D Touch para Impressora 3D,183.45
849,Suporte Eixo Linear Sk16 para Eixo 16mm,23.85
850,Sensor de Fumaça HIS-07 com Câmara de Íons,26.90.   21.76
851,Cabo Hub Multi Fan para 5 Fans Cooler 3 ou 4 Pinos Pwm com Molex,37.91
852,Y União Pneumática 4mm com Conexão Instantânea,6.56
853,"Conversor RS485 para Pinos Digitais TTL, CMOS, IO Modbus RTU",76.71
854,Antena Helicoidal 433Mhz Dourada,5.61
855,Controlador de Relé 8 Canais 5V RS485 Modbus RTU RS232 TTL,65.84
856,Sensor de CO2 MH-Z14A Infravermelho + Cabo,359.10
857,Encoder Incremental Rotativo 600 Pulsos Eixo 6mm 5/24VDC E38S6G5-600B-G24N,275.03
858,Irrigador por Gotejamento para Garrafa Pet\xa0com Ajuste de Vazão,8.46
859,Cabo Pigtail UFL com conector SMA Fêmea - Sem Porca,13.21
860,Bico Gotejador Regulável 1/4 0-40 L/h 8 Furos - Kit com 5 Unidades,11.29
861,Servo Motor Hitec HS-805BB+ 180° 24.7kgf.cm Alto Torque de Posição,659.85
862,Módulo de Memória USB 8GB para Armazenamento de Dados,44.85.   18.09
863,Módulo de Memória USB 16GB para Armazenamento de Dados,60.72.   22.60
864,Placa Distribuição Energia ESC para Drone Quadricóptero - PD60,69.46.   18.91
865,Sintonizador TDA7786 AM / FM de Alto Desempenho,69.73
866,Estrutura MDF para Balança com 2 Células de Carga PL100,23.47
867,Controle Remoto 433Mhz Transmissor RF 4 Canais EV1527,48.18
868,Jogo do Choque com Arduino DIY Storm V1 Completo,292.10
869,Robô Ludos para Robótica Educacional Completo,270.01
870,Cabo ATX 24 pinos PSU para Ligar 3 Fontes na Rig de Mineração,34.11
871,Estrutura MDF para Carro Robô Redondo 2WD,22.79
872,Sensor PIR de Movimento BTE16-19 120°,34.11
873,Kit Ampulheta Eletrônica DIY 5V com Leds,39.81
874,Kit Projeto Diy Sino Led com Balanço Eletrônico,63.56
875,Interruptor Sonoff WiFi RE5V1c com Relé de Estado Sólido 10A,84.84
876,Módulo GPS Arduino GY-NEO6MV2 com Antena - OUTLET,61.66
877,Sensor de Peso Célula de Carga 0 a 5kg para Arduino - OUTLET,29.64
878,Receptor 315Mhz RXB22 Super Heteródino,15.96
879,Rolamento Linear 16mm LM16UU para Impressora 3D e CNC,25.00
880,Base Shield Arduino / Expansor de Entradas e Saídas V1.1,121.54.   53.11
881,Rolamento com Flange F624zz G (4x13x5),8.88
882,PS/2 Arduino Conversor PS/2 para TWI I2C,53.35.   24.61
883,Voltímetro Analógico DIY com Arduino VA100 Completo,164.98
884,Estrutura em Acrílico para Chocadeira Arduino EGG + Manual de Montagem,225.15
885,Estrutura MDF para Balança com 4 Células de Carga PL200,25.37
886,Estrutura em MDF para Jogo do Choque com Arduino DIY Storm V1,36.48
887,Expansor PCI Express x1 para x3 PCIE Riser com USB 3.0 em Rig Mineração,340.48.   237.41
888,Controlador PWM 1203BS 3A para Motor DC  0 a 100% com Reverso,52.63
889,Mini Carro Solar Nano com Motor e Painel Fotovoltaico - VB030,22.71
890,Leitor Biométrico para Arduino AS608 + Cabo,127.78
891,Acelerômetro e Giroscópio MPU9250 - GY-9250,132.05
892,Sensor de Umidade e Temperatura AM2315C ASAIR I2C + Encapsulamento e Suportes,277.88
893,Anemômetro Arduino + Indicador de Direção do Vento para Estação Meteorológica SVDV10,663.10
894,Teclado Matricial Membrana 3x4 12 Teclas,9.98
895,Lente Laser CO2 12mm para Máquina de Corte a Laser CNC,208.51
896,Camiseta Maker “Trust Me I’m a Maker” - Preta GG,62.71
897,Camiseta Maker “Trust Me I’m a Maker” Robotic - Preta GG,62.71
898,"Waldunano V2 Shield para Arduino Nano com Conexão para ESP8266, Bluetooth, Display e Xbee",43.94
899,Cabo Riser Usb 3.0 Extensor PCI Express com Capacitores para Mineradora,166.95.   122.46
900,Cabo ATX 24 pinos PSU para Ligar 2 Fontes na Rig de Mineração,28.41
901,Grove Speaker Amplificador de Áudio com Alto Falante + Cabo,53.11
902,Regulador de Fluxo Pneumático 4mm x Rosca 3/8,7.51
903,Conversor RS485 para Sensor SHT30 Modbus RTU,72.77
904,Conversor RS485 / RS232 para Relé 12V Modbus RTU,72.72
905,Teclado Matricial 4x4 16 Teclas Rígido,45.79
906,Kit de Isolamento para Medidor de TDS V1.0,17.96
907,Suporte para Roda 68mm com Eixo Duplo - Sem Motor,9.41
908,Emenda para Mini Bomba de Água Peristáltica - Kit com 2 Unidades,9.41
909,Controlador de Carga Solar 10A PWM 12V/24V com 2 portas USB 158-A,85.41
910,Case para Arduino Mega com Parafusos em Acrílico Transparente - OUTLET,25.56
911,Sensor de Obstáculo Reflexivo Infravermelho HW-201 com Ajuste de Sensibilidade,21.38
912,Fechadura Eletrônica 12V SARY 50mm com Detecção de Abertura,119.61
913,Interruptor Remoto 433Mhz Botão Portátil RF 1 Canal EV1527 5mW,33.16
914,Motor de Passo Astrosyn 34PM-C042 - 6 Fios,250.12
915,Espelho Máquina Corte Laser Co2 Mo 20mm,82.82
916,Camiseta Maker “Trust Me I’m a Maker” - Preta M,62.71
917,Camiseta Maker “Trust Me I’m a Maker” Robotic - Preta M,62.71
918,Camiseta Maker “Trust Me I’m a Maker” - Roxa M,62.71
919,Camiseta Maker “Trust Me I’m a Maker” - Preta G,62.71
920,Gerador de Ozônio Portátil 5g/h\xa0Cerâmico 220V,492.45.   238.36
921,Expansor PCI Express x1 para x4 PCIE Riser com USB 3.0 em Rig Mineração,352.35.   284.05
922,União Reta Pneumática 4mm com Conexão Instantânea,3.71
923,Cotovelo União Pneumática 90° 4mm com Conexão Instantânea,2.76
924,Sensor de Movimento PIR Sem Fio Rf 433Mhz Infravermelho,117.61
925,Sonoff Mini R2 WiFi com Interruptor Paralelo,94.05
926,Transceptor RS485 868MHz RT18A01 Master Slave 500m + Antena,151.91
927,Módulo 6 Leds com Resistor para Testes com Arduino,25.56
928,Módulo Controlador Serial CAN BUS TJA1050,18.91
929,Módulo de Controle Paralelo para Motor de Passo Nema 17,19.86
930,Sensor de Temperatura LM75A I2C de Alta Velocidade,24.61
931,Módulo High Speed CAN BUS MCP2551,20.81
932,Conversor de Nível Lógico I2C 5V para 3.3V HW-024,7.51
933,Sensor de Nivelamento Indutivo NPN SN04-N NA 4mm - OUTLET,17.96
934,Módulo Display 7 Segmentos 2 Dígitos Vermelho 74HC595 - OUTLET,12.26
